room_id,room_name,avg_co2_ppm,pct_high_co2,avg_temp_c,pct_temp_out_of_range,avg_rh_pct,pct_rh_out_of_range,avg_pm25,pct_pm25_high,avg_total_energy_kwh,pct_energy_without_occupancy,avg_risk_score,pct_load_anomaly,avg_expected_load_kwh,avg_actual_load_kwh
Room1,Room 1 - Lecture,453.94670769284005,0.0,26.836055386064416,46.82,75.18477298830415,80.15,6.717810421126529,6.73,0.5990330325702826,78.62,2.1230842911877397,2.3,0.56251349085716,0.5990330325702826
Room4,Room 4 - Office,482.71978158348736,0.0,27.408490517326392,80.05,73.08674835574503,57.06,3.49403646738453,0.83,0.45302221829861106,23.34,1.6128102836879432,2.75,0.4287620583744829,0.4530222182986111
Room5,Room 5 - Library,454.0224481601879,0.0,28.180789105992908,97.75,62.5642612480571,2.08,3.884745868192441,0.14,0.9124226055650857,55.75,1.5571069739952719,2.04,1.0791090112076684,0.9124226055650856
Room2,Room 2 - Lecture,467.19873202402067,0.22,25.572290722898707,36.58,71.21662776315789,60.75,5.7294381608696225,6.06,0.3507225358908046,46.32,1.4992816091954022,3.74,0.3307611114694684,0.3507225358908046
Room3,Room 3 - Office,482.9697030055642,0.0,27.28878149399186,64.01,61.395891225995925,1.4,3.0481004667842666,0.22,0.17123084544264847,59.51,1.2513170498084292,1.44,0.1877916270726772,0.17123084544264847
