room_id,room_name,occupied_load_kwh,baseload_kwh,occupied_minus_baseload_kwh,occupied_to_baseload_ratio
Room1,Room 1 - Lecture,1.2820235000000002,0.054523,1.2275005,23.51344386772555
Room2,Room 2 - Lecture,1.05107,0.022931,1.028139,45.83620426496882
Room3,Room 3 - Office,0.3274286,0.0674396,0.259989,4.855138523953285
Room4,Room 4 - Office,0.45503107000000004,0.148758,0.30627307000000004,3.05886789281921
Room5,Room 5 - Library,2.153782085,0.047119,2.106663085,45.709418387487
